{
  "train_loss": [
    0.11427558670823557,
    0.014046655512739478,
    0.012030959009442187,
    0.01196473115706053,
    0.011466194119292585,
    0.011621767663298196,
    0.011157790429614766,
    0.010853461024208614,
    0.010571543618481592,
    0.010508961305334205,
    0.010541500053291863,
    0.010341579467676732,
    0.010661342942889823,
    0.010041375535155975,
    0.01025011382602777,
    0.010315721603893034,
    0.00995430193307352,
    0.009929968878748382,
    0.0100168919138591,
    0.009681769607278297,
    0.009826525526996375,
    0.009675423540051251,
    0.009696786154283158,
    0.009594937445611459
  ],
  "val_loss": [
    0.008407830765160421,
    0.007485529601884385,
    0.0070009727496653795,
    0.007184812760291,
    0.007008963264524937,
    0.007227006019093096,
    0.00709011029296865,
    0.006904175078185896,
    0.006894547298240165,
    0.006996339342246453,
    0.00688382921119531,
    0.007972359812508026,
    0.006887879494267206,
    0.007347477173122267,
    0.006898282115192463,
    0.006859622080810368,
    0.006911213432128231,
    0.00687365453147019,
    0.006911160036300619,
    0.006870479206554592,
    0.006881263844358425,
    0.006942303016937028,
    0.006874156320312371,
    0.006877896628187348
  ],
  "lr": [
    0.0002995391413931026,
    0.00029815940691897306,
    0.00029586930309945264,
    0.0002926829491861254,
    0.0002886199901104373,
    0.0002837054753661609,
    0.00027796970457093673,
    0.0002714480406590546,
    0.0002641806918572046,
    0.0002562124637873888,
    0.00024759248322536243,
    0.00023837389521772466,
    0.00022861353542503427,
    0.00021837157971106217,
    0.00020771117313858086,
    0.00019669804065905458,
    0.0001854000818964578,
    0.00017388695252351446,
    0.00016222963481131276,
    0.00015049999999999994,
    0.00013877036518868715,
    0.00012711304747648549,
    0.00011559991810354211,
    0.00010430195934094532
  ]
}